"beta0","beta1Age","beta2Educ"
6.76000442528319,0.00688655975821646,0.192686130623302
6.75654206480104,0.00604498640437974,0.195352260104338
6.78111327426492,0.00584696469818819,0.195282626158321
