"beta0","beta1Age","beta2Educ"
82570.4230566651,1225.11335487678,-4033.79330454348
